name,pos,rank,PAR,preds,adp,adp_sd
PatrickMahomes,QB,26,170.26,51.37663999999993,31.2,14.0
JalenHurts,QB,28,163.68,31.564639999999944,33.6,15.0
JoshAllen,QB,27,144.18,8.370999999999992,32.4,14.5
JoeBurrow,QB,40,115.24,39.02016000000002,48.0,21.0
TrevorLawrence,QB,74,38.36,3.117640000000004,88.8,38.0
ChristianMcCaffrey,RB,4,184.96,73.72616000000009,4.8,3.0
GenoSmith,QB,125,29.02,-29.18831999999999,150.0,63.5
DanielJones,QB,104,24.7,-8.931079999999996,124.8,53.0
KirkCousins,QB,103,22.62,-29.758599999999998,123.6,52.5
JaredGoff,QB,184,4.5,-59.49248,220.79999999999998,93.0
JustinHerbert,QB,55,1.56,0.8598000000000012,66.0,28.5
TomBrady,QB,300,0.0,-161.2987199999999,360.0,151.0
AustinEkeler,RB,3,138.7,89.89211999999993,3.5999999999999996,2.5
JustinFields,QB,56,-11.16,19.151960000000027,67.2,29.0
JoshJacobs,RB,19,133.4,47.61840000000004,22.8,10.5
DerrickHenry,RB,10,131.86,86.06763999999991,12.0,6.0
SaquonBarkley,RB,9,116.4,35.17916000000002,10.799999999999999,5.5
TravisKelce,TE,5,153.4,37.558359999999944,6.0,3.5
NickChubb,RB,14,114.7,38.29796,16.8,8.0
DakPrescott,QB,102,-32.58,0.36844000000000254,122.39999999999999,52.0
JustinJefferson,WR,1,112.48,69.68168,1.2,1.5
DavanteAdams,WR,7,109.1,46.13247999999999,8.4,4.5
AJBrown,WR,18,108.2,46.87379999999994,21.599999999999998,10.0
AaronRodgers,QB,124,-53.82,-24.908960000000008,148.79999999999998,63.0
TyreekHill,WR,6,97.8,3.8348800000000023,7.199999999999999,4.0
LamarJackson,QB,39,-57.26,2.3257999999999988,46.8,20.5
TuaTagovailoa,QB,105,-60.46,-50.57643999999996,126.0,53.5
TonyPollard,RB,12,84.1,58.61304000000001,14.399999999999999,7.0
MilesSanders,RB,50,83.9,8.369719999999996,60.0,26.0
StefonDiggs,WR,11,91.5,24.224919999999976,13.2,6.5
DerekCarr,QB,219,-63.42,-107.93843999999993,262.8,110.5
CeeDeeLamb,WR,15,89.7,82.92467999999995,18.0,8.5
RussellWilson,QB,126,-70.82,-37.85552000000003,151.2,64.0
JamaalWilliams,RB,110,72.2,-22.88036,132.0,56.0
DalvinCook,RB,78,69.7,2.4126800000000013,93.6,40.0
JoeMixon,RB,20,68.9,46.317080000000004,24.0,11.0
JaMarrChase,WR,2,65.34,38.35915999999999,2.4,2.0
KennethWalker,RB,300,56.2,-39.45936000000006,360.0,151.0
TravisEtienne,RB,29,54.3,-5.96392000000002,34.8,15.5
DavisMills,QB,300,-93.02,-207.04328000000015,360.0,151.0
JaylenWaddle,WR,21,59.4,4.775240000000003,25.2,11.5
DeVontaSmith,WR,25,58.7,12.719160000000011,30.0,13.5
AaronJones,RB,32,45.9,0.02496000000000018,38.4,17.0
ChristianKirk,WR,79,53.2,-9.708439999999998,94.8,40.5
NajeeHarris,RB,30,44.96,-4.459359999999999,36.0,16.0
KylerMurray,QB,215,-103.58,-96.07116000000005,258.0,108.5
MarcusMariota,QB,300,-103.94,-163.67940000000004,360.0,151.0
RhamondreStevenson,RB,33,38.2,12.266639999999986,39.6,17.5
EzekielElliott,RB,130,37.8,-34.41980000000003,156.0,66.0
AndyDalton,QB,300,-112.1,-202.58396000000008,360.0,151.0
JacobyBrissett,QB,300,-116.64,-145.26516000000044,360.0,151.0
AmariCooper,WR,41,38.0,16.471240000000012,49.199999999999996,21.5
TeeHiggins,WR,23,36.1,28.56584000000003,27.599999999999998,12.5
AmonRaSt,WR,17,33.0,27.08683999999999,20.4,9.5
DKMetcalf,WR,22,32.4,19.367359999999998,26.4,12.0
MacJones,QB,269,-123.94,-183.96764000000027,322.8,135.5
JimmyGaroppolo,QB,220,-124.08,-116.4970400000002,264.0,111.0
BrandonAiyuk,WR,69,30.7,-3.019519999999997,82.8,35.5
RyanTannehill,QB,243,-125.06,-133.80572000000032,291.59999999999997,122.5
TylerLockett,WR,67,29.2,-11.307599999999999,80.39999999999999,34.5
AlvinKamara,RB,48,20.8,3.1422799999999973,57.599999999999994,25.0
TJHockenson,TE,49,58.4,8.313559999999995,58.8,25.5
GeorgeKittle,TE,70,58.2,-0.6831599999999971,84.0,36.0
MikeEvans,WR,58,27.0,-0.716280000000002,69.6,30.0
MattRyan,QB,300,-129.06,-175.67584000000016,360.0,151.0
LeonardFournette,RB,300,16.9,-107.75156000000004,360.0,151.0
JefferyWilson,RB,300,16.2,-105.48080000000007,360.0,151.0
DevinSingletary,RB,128,13.0,-47.02972000000003,153.6,65.0
JamesConner,RB,51,12.3,3.9792800000000015,61.199999999999996,26.5
TerryMcLaurin,WR,60,20.0,-9.035160000000001,72.0,31.0
DavidMontgomery,RB,75,11.8,-17.14907999999999,90.0,38.5
JerickMcKinnon,RB,114,9.90000000000001,-20.427479999999996,136.79999999999998,58.0
BrockPurdy,QB,266,-139.64,-125.59604000000029,319.2,134.0
GabeDavis,WR,108,14.3,-43.27048000000001,129.6,55.0
TylerAllgeier,RB,132,3.69999999999999,-35.45068000000003,158.4,67.0
DeeboSamuel,WR,35,8.90000000000001,-5.983760000000005,42.0,18.5
DAndreSwift,RB,89,0.0,-25.914479999999994,106.8,45.5
RaheemMostert,RB,111,-0.599999999999994,-27.556239999999995,133.2,56.5
IsiahPacheco,RB,76,-0.699999999999989,-13.456239999999978,91.2,39.0
JerryJeudy,WR,65,7.19999999999999,1.947800000000001,78.0,33.5
ZayJones,WR,174,7.10000000000002,-37.618479999999956,208.79999999999998,88.0
DJMoore,WR,57,6.5,-22.979639999999993,68.39999999999999,29.5
CooperKupp,WR,13,6.40000000000001,23.55528,15.6,7.5
AJDillon,RB,88,-2.30000000000001,-18.34664,105.6,45.0
KennyPickett,QB,182,-150.12,-92.24671999999997,218.4,92.0
TaysomHill,TE,300,34.94,-76.89112000000006,360.0,151.0
DameonPierce,RB,34,-5.5,-9.671840000000005,40.8,18.0
ChrisOlave,WR,24,0.400000000000006,-3.517519999999998,28.799999999999997,13.0
GarrettWilson,WR,16,0.0,15.877760000000011,19.2,9.0
CamAkers,RB,63,-9.59999999999999,-7.844480000000004,75.6,32.5
DOntaForeman,RB,168,-9.70000000000002,-50.78628,201.6,85.0
CordarrellePatterson,RB,204,-10.2,-59.676199999999916,244.79999999999998,103.0
TaylorHeinicke,QB,300,-158.54,-249.72656000000012,360.0,151.0
ChrisGodwin,WR,44,-6.89999999999999,-7.415079999999991,52.8,23.0
ChristianWatson,WR,42,-6.90000000000001,17.314600000000002,50.4,22.0
DaltonSchultz,TE,115,22.6,-13.031720000000016,138.0,58.5
TylerBoyd,WR,136,-8.25999999999999,-45.81783999999995,163.2,69.0
LataviusMurray,RB,300,-16.5,-103.59340000000006,360.0,151.0
MarkAndrews,TE,38,21.7,5.966160000000001,45.6,20.0
AllenLazard,WR,172,-9.19999999999999,-65.61915999999995,206.4,87.0
EvanEngram,TE,93,21.2,-5.2117600000000115,111.6,47.5
SamajePerine,RB,112,-18.5,-29.216399999999993,134.4,57.0
JonathanTaylor,RB,62,-19.5,-16.201919999999994,74.39999999999999,32.0
AntonioGibson,RB,91,-20.0,-40.20819999999999,109.2,46.5
MatthewStafford,QB,183,-168.8,-97.43868000000022,219.6,92.5
MichaelPittman,WR,80,-14.5,-15.89584000000002,96.0,41.0
JuJuSmithSchuster,WR,100,-15.8,-35.491039999999984,120.0,51.0
JakobiMeyers,WR,99,-16.5,-33.824920000000006,118.8,50.5
MikeWilliams,WR,59,-16.5,-12.895200000000013,70.8,30.5
AdamThielen,WR,122,-16.8,-41.94320000000002,146.4,62.0
GeorgePickens,WR,81,-17.3,-24.964999999999993,97.2,41.5
CurtisSamuel,WR,177,-17.7,-57.02927999999994,212.4,89.5
KhalilHerbert,RB,87,-29.1,-43.756560000000064,104.39999999999999,44.5
BakerMayfield,QB,296,-176.12,-162.75548000000006,355.2,149.0
DallasGoedert,TE,72,7.0,8.650799999999993,86.39999999999999,37.0
KeenanAllen,WR,37,-24.5,8.24376,44.4,19.5
DrakeLondon,WR,68,-25.2,-33.644960000000005,81.6,35.0
MarquezValdesScantling,WR,193,-25.4,-61.412879999999944,231.6,97.5
MackHollins,WR,229,-26.84,-84.34971999999992,274.8,115.5
DawsonKnox,TE,257,2.89999999999999,-11.936560000000027,308.4,129.5
KJOsborn,WR,137,-28.4,-55.78091999999993,164.4,69.5
GeraldEverett,TE,140,1.3,-21.477439999999998,168.0,71.0
CarsonWentz,QB,300,-184.26,-252.9464,360.0,151.0
BrianRobinson,RB,90,-38.2,-47.859920000000045,108.0,46.0
ColeKmet,TE,95,0.0,-20.922759999999965,114.0,48.5
DonovanPeoplesJones,WR,218,-31.9,-71.00256000000002,261.59999999999997,110.0
RachaadWhite,RB,47,-40.1,-9.260159999999997,56.4,24.5
JoshPalmer,WR,272,-33.4,-76.51416,326.4,137.0
ParrisCampbell,WR,138,-33.9,-55.80836,165.6,70.0
BreeceHall,RB,46,-41.8,-10.160199999999996,55.199999999999996,24.0
JamesCook,RB,54,-42.0,-22.621359999999974,64.8,28.0
BrandinCooks,WR,82,-35.4,-42.64639999999995,98.39999999999999,42.0
KennethGainwell,RB,165,-43.4,-68.84872000000009,198.0,83.5
JahanDotson,WR,84,-36.2,-41.61023999999999,100.8,43.0
CourtlandSutton,WR,83,-36.6,-38.81264000000004,99.6,42.5
ZachWilson,QB,300,-191.94,-247.78467999999984,360.0,151.0
JuwanJohnson,TE,139,-6.5,-20.64415999999999,166.79999999999998,70.5
DiontaeJohnson,WR,45,-37.9,-33.22856,54.0,23.5
DeAndreHopkins,WR,43,-38.3,-19.693800000000028,51.6,22.5
JKDobbins,RB,77,-47.2,-23.268399999999964,92.39999999999999,39.5
DariusSlayton,WR,262,-40.1,-78.01807999999994,314.4,132.0
KareemHunt,RB,300,-48.1,-121.05584000000002,360.0,151.0
RichieJames,WR,300,-40.3,-95.38527999999998,360.0,151.0
JordanAkins,TE,300,-9.60000000000001,-72.61063999999998,360.0,151.0
MarquiseBrown,WR,66,-41.0,-34.858359999999976,79.2,34.0
NoahBrown,WR,300,-42.6,-107.62011999999974,360.0,151.0
SamDarnold,QB,300,-199.66,-224.86967999999982,360.0,151.0
PatFreiermuth,TE,92,-14.1,-18.503679999999996,110.39999999999999,47.0
KenyanDrake,RB,300,-52.8,-120.9006400000001,360.0,151.0
MichaelCarter,RB,300,-52.9,-103.36456000000003,360.0,151.0
DavidNjoku,TE,94,-15.3,-21.93804000000002,112.8,48.0
MarvinJones,WR,216,-47.5,-60.88256000000004,259.2,109.0
ClydeEdwardsHelaire,RB,200,-56.6,-74.11108000000002,240.0,101.0
TylerHigbee,TE,116,-19.3,-18.593640000000022,139.2,59.0
DeshaunWatson,QB,73,-205.52,-18.018479999999997,87.6,37.5
IsaiahMcKenzie,WR,300,-51.2,-106.72380000000001,360.0,151.0
IsaiahHodgins,WR,195,-51.8,-62.487439999999935,234.0,98.5
MichaelGallup,WR,121,-53.0,-51.21332000000003,145.2,61.5
JamesRobinson,RB,300,-62.3,-114.84716,360.0,151.0
DamienHarris,RB,164,-64.0,-58.49984000000003,196.79999999999998,83.0
NoahFant,TE,259,-25.6,-37.1639599999999,310.8,130.5
MikeGesicki,TE,214,-25.6,-35.18739999999993,256.8,108.0
AlexanderMattison,RB,53,-64.3,-13.29955999999999,63.599999999999994,27.5
DevinDuvernay,WR,300,-56.9,-106.87983999999979,360.0,151.0
RussellGage,WR,300,-57.8,-99.11991999999988,360.0,151.0
DeVanteParker,WR,197,-58.1,-65.09995999999998,236.39999999999998,99.5
HaydenHurst,TE,249,-27.8,-42.59535999999992,298.8,125.5
ChubaHubbard,RB,203,-66.6,-69.61740000000006,243.6,102.5
MitchellTrubisky,QB,300,-213.62,-249.94240000000025,360.0,151.0
MecoleHardman,WR,217,-59.5,-72.48868000000004,260.4,109.5
OlamideZaccheaus,WR,300,-60.0,-102.2740399999998,360.0,151.0
DeAndreCarter,WR,300,-60.0,-97.3699199999998,360.0,151.0
TylerConklin,TE,186,-29.8,-39.037919999999936,223.2,94.0
AlecPierce,WR,196,-60.7,-67.30095999999998,235.2,99.0
RashidShaheed,WR,228,-61.5,-61.095079999999975,273.59999999999997,115.0
DJChark,WR,117,-61.8,-43.43272000000002,140.4,59.5
ChrisMoore,WR,300,-62.9,-96.82371999999991,360.0,151.0
JoshReynolds,WR,295,-64.1,-99.52219999999983,354.0,148.5
CoreyDavis,WR,300,-64.4,-107.50415999999964,360.0,151.0
DemarcusRobinson,WR,300,-65.3,-94.50343999999994,360.0,151.0
RobertWoods,WR,227,-65.3,-68.59379999999993,272.4,114.5
TylerHuntley,QB,300,-220.24,-234.2528800000005,360.0,151.0
GusEdwards,RB,163,-73.4,-49.37704000000003,195.6,82.5
NickWestbrookIkhine,WR,263,-66.3,-82.3727999999999,315.59999999999997,132.5
JaylenWarren,RB,131,-74.6,-30.470040000000026,157.2,66.5
KalifRaymond,WR,300,-66.8,-102.39923999999988,360.0,151.0
MarquiseGoodwin,WR,300,-66.8,-107.29179999999968,360.0,151.0
GregDortch,WR,300,-66.9,-97.26807999999987,360.0,151.0
ZachErtz,TE,185,-36.3,-48.121159999999925,222.0,93.5
HunterHenry,TE,247,-36.4,-45.787799999999926,296.4,124.5
EnoBenjamin,RB,300,-75.1,-114.16276000000012,360.0,151.0
MelvinGordon,RB,300,-75.8,-107.36380000000004,360.0,151.0
DarnellMooney,WR,118,-68.5,-39.22431999999998,141.6,60.0
ChigoziemOkonkwo,TE,134,-37.9,-34.717959999999955,160.79999999999998,68.0
DeonJackson,RB,166,-77.4,-61.641799999999996,199.2,84.0
BostonScott,RB,300,-77.7,-111.9566800000001,360.0,151.0
NicoCollins,WR,119,-69.9,-50.17307999999995,142.79999999999998,60.5
JulioJones,WR,300,-70.2,-94.56367999999989,360.0,151.0
TrentSherfield,WR,300,-70.3,-101.9070799999998,360.0,151.0
ChaseEdmonds,RB,209,-79.7,-75.44872,250.79999999999998,105.5
ChaseClaypool,WR,176,-72.36,-86.82204000000003,211.2,89.0
RomeoDoubs,WR,179,-72.4,-62.627559999999995,214.79999999999998,90.5
DarrenWaller,TE,64,-42.5,-31.135920000000016,76.8,33.0
RobertTonyan,TE,300,-42.9,-77.59547999999998,360.0,151.0
DontrellHilliard,RB,300,-81.7,-111.65235999999992,360.0,151.0
KadariusToney,WR,135,-74.3,-47.66579999999998,162.0,68.5
MikeWhite,QB,300,-229.32,-244.00524000000013,360.0,151.0
IsaiahLikely,TE,300,-44.0,-57.54963999999993,360.0,151.0
TreylonBurks,WR,97,-74.9,-47.25207999999997,116.39999999999999,49.5
CadeOtton,TE,258,-44.4,-50.49484000000003,309.59999999999997,130.0
QuezWatkins,WR,271,-75.1,-77.72055999999998,325.2,136.5
VanJefferson,WR,180,-75.1,-54.182159999999996,216.0,91.0
CooperRush,QB,300,-230.18,-269.09599999999995,360.0,151.0
ElijahMitchell,RB,129,-83.5,-53.69400000000004,154.79999999999998,65.5
AustinHooper,TE,293,-44.9,-49.72307999999996,351.59999999999997,147.5
JamycalHasty,RB,300,-83.6,-120.06716000000013,360.0,151.0
FosterMoreau,TE,300,-45.3,-78.63272000000009,360.0,151.0
JoshuaKelley,RB,201,-84.3,-57.20328,241.2,101.5
ZackMoss,RB,206,-84.4,-67.99768000000002,247.2,104.0
TerraceMarshall,WR,251,-76.6,-76.69687999999998,301.2,126.5
GregDulcich,TE,188,-46.2,-47.98483999999996,225.6,95.0
WillDissly,TE,300,-46.4,-61.138280000000016,360.0,151.0
JauanJennings,WR,275,-77.7,-76.55859999999994,330.0,138.5
AllenRobinson,WR,232,-78.1,-77.06679999999993,278.4,117.0
ElijahMoore,WR,120,-78.5,-48.63864,144.0,61.0
DanielBellinger,TE,300,-48.0,-71.0475200000001,360.0,151.0
MattBreida,RB,238,-87.1,-78.59068,285.59999999999997,120.0
TrentonIrwin,WR,300,-79.9,-104.4171199999998,360.0,151.0
JoeFlacco,QB,300,-234.86,-239.10955999999973,360.0,151.0
KendrickBourne,WR,231,-80.7,-79.2466,277.2,116.5
KylePitts,TE,71,-51.7,-16.49084000000003,85.2,36.5
JelaniWoods,TE,300,-52.1,-56.48195999999987,360.0,151.0
RondaleMoore,WR,109,-83.1,-44.25368,130.79999999999998,55.5
JustinWatson,WR,300,-83.5,-93.4156799999999,360.0,151.0
DantePettis,WR,300,-83.8,-97.30311999999992,360.0,151.0
RashaadPenny,RB,113,-91.7,-36.04188,135.6,57.5
NoahGray,TE,300,-53.6,-67.35936000000012,360.0,151.0
LaviskaShenault,WR,300,-84.3,-104.77212000000014,360.0,151.0
RandallCobb,WR,260,-84.3,-79.34588000000002,312.0,131.0
BrockWright,TE,300,-53.7,-72.13528,360.0,151.0
ColbyParkinson,TE,300,-53.7,-75.40752000000009,360.0,151.0
TutuAtwell,WR,230,-84.8,-69.49856000000003,276.0,116.0
HunterRenfrow,WR,173,-85.0,-54.16024000000003,207.6,87.5
JamalAgnew,WR,294,-85.6,-94.59535999999994,352.8,148.0
TyquanThornton,WR,300,-85.7,-104.24747999999983,360.0,151.0
NelsonAgholor,WR,300,-85.8,-99.67967999999986,360.0,151.0
RayRayMcCloud,WR,300,-85.9,-98.92056,360.0,151.0
BenSkowronek,WR,300,-86.7,-105.72379999999995,360.0,151.0
ZonovanKnight,RB,300,-95.9,-96.72752000000004,360.0,151.0
EquanimeousSt,WR,300,-88.1,-109.99119999999972,360.0,151.0
PhillipWalker,QB,300,-243.56,-260.65652000000006,360.0,151.0
MoAlieCox,TE,300,-58.4,-78.37559999999996,360.0,151.0
CalebHuntley,RB,300,-97.0,-106.69940000000015,360.0,151.0
JarrettStidham,QB,300,-244.1,-245.11672000000013,360.0,151.0
NyheimHines,RB,300,-97.4,-89.8857199999999,360.0,151.0
TeddyBridgewater,QB,300,-244.64,-259.14775999999983,360.0,151.0
SamEhlinger,QB,300,-244.72,-267.3438799999999,360.0,151.0
ShiSmith,WR,300,-90.4,-104.2533199999998,360.0,151.0
GardnerMinshew,QB,300,-245.36,-242.32459999999998,360.0,151.0
JarvisLandry,WR,300,-90.6,-121.30271999999971,360.0,151.0
JustinJackson,RB,300,-98.8,-109.5178000000001,360.0,151.0
JameisWinston,QB,300,-245.82,-267.26759999999973,360.0,151.0
BaileyZappe,QB,300,-245.82,-242.46740000000017,360.0,151.0
MyColePruitt,TE,300,-60.3,-73.19215999999997,360.0,151.0
DamiereByrd,WR,300,-91.2,-111.43399999999973,360.0,151.0
RashodBateman,WR,181,-91.5,-61.64931999999998,217.2,91.5
LoganThomas,TE,248,-61.0,-52.61979999999998,297.59999999999997,125.0
BraxtonBerrios,WR,233,-92.32,-76.14516000000005,279.59999999999997,117.5
DesmondRidder,QB,270,-247.46,-167.4843599999999,324.0,136.0
KyleJuszczyk,RB,300,-101.9,-96.37396000000003,360.0,151.0
AJGreen,WR,300,-94.2,-102.11655999999981,360.0,151.0
TommyTremble,TE,300,-63.9,-80.85684,360.0,151.0
CJUzomah,TE,300,-64.1,-68.03160000000001,360.0,151.0
MichaelThomas,WR,98,-94.9,-61.11099999999994,117.6,50.0
RaheemBlackshear,RB,210,-102.9,-85.54384000000002,252.0,106.0
DareOgunbowale,RB,240,-103.2,-84.30388,288.0,121.0
IrvSmith,TE,246,-64.8,-43.54395999999996,295.2,124.0
RexBurkhead,RB,300,-103.5,-87.89760000000004,360.0,151.0
KylenGranson,TE,300,-65.1,-83.86819999999997,360.0,151.0
TreQuanSmith,WR,300,-96.2,-117.94863999999981,360.0,151.0
JordanMason,RB,300,-104.9,-98.35112000000001,360.0,151.0
JDMcKissic,RB,300,-104.9,-80.67892000000009,360.0,151.0
KendallHinton,WR,300,-97.6,-106.58491999999988,360.0,151.0
MarkIngram,RB,300,-105.6,-99.8419200000002,360.0,151.0
SammyWatkins,WR,300,-98.3,-111.83671999999989,360.0,151.0
PhillipDorsett,WR,300,-98.3,-123.75927999999969,360.0,151.0
KhalilShakir,WR,300,-98.6,-115.23375999999976,360.0,151.0
VelusJones,WR,300,-99.0,-109.72311999999988,360.0,151.0
TyJohnson,RB,300,-107.1,-104.55719999999998,360.0,151.0
JakeFerguson,TE,292,-68.5,-64.77652,350.4,147.0
HarrisonBryant,TE,300,-68.6,-80.65104000000011,360.0,151.0
TreyMcBride,TE,291,-68.8,-53.50828000000003,349.2,146.5
DeeJayDallas,RB,300,-107.4,-95.06167999999998,360.0,151.0
MarlonMack,RB,300,-107.6,-108.0049199999999,360.0,151.0
RobbyAnderson,WR,300,-99.8,-112.15711999999989,360.0,151.0
ShaneZylstra,TE,300,-69.3,-77.17184000000007,360.0,151.0
AmeerAbdullah,RB,237,-108.8,-87.93715999999989,284.4,119.5
JusticeHill,RB,277,-108.9,-86.0662400000001,332.4,139.5
SkyyMoore,WR,86,-101.0,-38.95407999999995,103.2,44.0
ColtMcCoy,QB,300,-255.94,-273.87432000000007,360.0,151.0
WanDaleRobinson,WR,226,-101.4,-70.58555999999996,271.2,114.0
PeytonHendershot,TE,300,-70.8,-88.71480000000007,360.0,151.0
ZachPascal,WR,300,-101.5,-109.85775999999993,360.0,151.0
MalikDavis,RB,300,-109.5,-108.17392000000008,360.0,151.0
JoshuaDobbs,QB,300,-257.06,-261.6226400000003,360.0,151.0
DyamiBrown,WR,300,-102.2,-101.40859999999984,360.0,151.0
MarquezCallaway,WR,300,-102.2,-121.11827999999957,360.0,151.0
AshtonDulin,WR,300,-102.5,-116.37875999999977,360.0,151.0
JoshOliver,TE,300,-71.8,-81.14624000000012,360.0,151.0
TravisHomer,RB,300,-110.8,-105.40479999999997,360.0,151.0
DurhamSmythe,TE,300,-72.3,-72.3852,360.0,151.0
AdamTrautman,TE,300,-72.6,-78.37659999999988,360.0,151.0
OJHoward,TE,300,-72.8,-82.06531999999993,360.0,151.0
KhaDarelHodge,WR,300,-103.6,-117.39591999999985,360.0,151.0
KyleAllen,QB,300,-258.56,-268.5546000000002,360.0,151.0
JavonteWilliams,RB,61,-111.9,-9.560000000000011,73.2,31.5
AmariRodgers,WR,300,-104.3,-118.93163999999975,360.0,151.0
ByronPringle,WR,300,-104.5,-118.46367999999968,360.0,151.0
GaryBrightwell,RB,300,-112.9,-98.26644000000005,360.0,151.0
JalenReagor,WR,300,-105.1,-113.23571999999989,360.0,151.0
CameronBrate,TE,300,-75.1,-82.52088000000005,360.0,151.0
JalenNailor,WR,300,-106.1,-112.80339999999993,360.0,151.0
SkylarThompson,QB,300,-261.06,-269.42992,360.0,151.0
ConnorHeyward,TE,300,-75.5,-89.06408000000005,360.0,151.0
BrandonPowell,WR,300,-106.4,-102.15764000000017,360.0,151.0
TeaganQuitoriano,TE,300,-76.0,-57.35663999999998,360.0,151.0
AlecIngold,RB,300,-114.6,-95.26647999999994,360.0,151.0
AveryWilliams,RB,300,-114.9,-113.02840000000009,360.0,151.0
JonnuSmith,TE,300,-76.3,-71.14080000000007,360.0,151.0
JoeFortson,TE,300,-76.5,-86.48623999999992,360.0,151.0
RiverCracraft,WR,300,-107.8,-113.71227999999974,360.0,151.0
CraigReynolds,RB,213,-116.1,-76.00276000000007,255.6,107.5
MitchellWilcox,TE,300,-77.5,-76.52287999999993,360.0,151.0
KyrenWilliams,RB,169,-116.4,-85.03767999999998,202.79999999999998,85.5
DavidBell,WR,300,-108.6,-102.89460000000005,360.0,151.0
SterlingShepard,WR,300,-108.6,-109.17747999999995,360.0,151.0
DonaldParham,TE,300,-78.0,-62.12155999999993,360.0,151.0
CJHam,RB,300,-116.6,-111.12168000000003,360.0,151.0
JohnnyMundt,TE,300,-78.1,-82.50867999999998,360.0,151.0
DavisWebb,QB,300,-264.04,-241.8007200000003,360.0,151.0
EricSaubert,TE,300,-78.5,-84.76015999999997,360.0,151.0
PierreStrong,RB,283,-117.7,-98.09052000000015,339.59999999999997,142.5
BrettRypien,QB,300,-264.72,-277.5698399999997,360.0,151.0
KeelanCole,WR,300,-109.9,-113.53187999999982,360.0,151.0
EricTomlinson,TE,300,-79.4,-82.57024,360.0,151.0
MikeBoone,RB,300,-118.1,-113.85287999999994,360.0,151.0
LawrenceCager,TE,300,-79.58,-74.88723999999995,360.0,151.0
IanThomas,TE,300,-79.6,-81.88447999999991,360.0,151.0
DavidBlough,QB,300,-265.24,-277.6116799999999,360.0,151.0
ScottMiller,WR,300,-110.7,-107.5874799999999,360.0,151.0
JonathanWilliams,RB,300,-118.7,-110.55107999999984,360.0,151.0
TevinColeman,RB,300,-118.9,-89.29264000000003,360.0,151.0
MarcedesLewis,TE,300,-80.5,-77.42940000000007,360.0,151.0
BrevinJordan,TE,300,-80.5,-83.35895999999997,360.0,151.0
KJHamler,WR,300,-111.2,-110.70411999999982,360.0,151.0
DenzelMims,WR,300,-111.4,-120.57587999999977,360.0,151.0
SalvonAhmed,RB,212,-119.9,-90.0463999999999,254.39999999999998,107.0
SamHowell,QB,268,-267.04,-156.50144000000006,321.59999999999997,135.0
MalcolmBrown,RB,300,-120.1,-122.5004799999999,360.0,151.0
NKealHarry,WR,300,-112.4,-119.77139999999973,360.0,151.0
StevenSims,WR,300,-112.6,-115.76595999999999,360.0,151.0
MalikWillis,QB,300,-267.48,-262.9192000000002,360.0,151.0
JamesMitchell,TE,300,-82.0,-75.37864000000005,360.0,151.0
DarrelWilliams,RB,300,-120.8,-111.93283999999994,360.0,151.0
CoreyClement,RB,300,-121.0,-115.87259999999985,360.0,151.0
BennySnell,RB,300,-121.2,-124.70520000000008,360.0,151.0
BrandonBolden,RB,300,-121.4,-117.58328,360.0,151.0
RossDwelley,TE,300,-82.8,-85.86243999999999,360.0,151.0
ColeBeasley,WR,300,-113.7,-120.07311999999989,360.0,151.0
BrandonJohnson,WR,300,-113.8,-116.63079999999984,360.0,151.0
TYHilton,WR,300,-114.1,-110.93923999999996,360.0,151.0
JeffDriskel,QB,300,-269.16,-237.7939200000003,360.0,151.0
CedrickWilson,WR,300,-114.44,-110.60611999999983,360.0,151.0
AlbertOkwuegbunam,TE,300,-83.8,-86.98900000000015,360.0,151.0
RonaldJones,RB,235,-122.7,-94.02452000000001,282.0,118.5
DerekWatt,RB,300,-122.7,-122.93179999999987,360.0,151.0
HassanHaskins,RB,300,-122.9,-114.61415999999988,360.0,151.0
AnthonySchwartz,WR,300,-115.2,-113.17283999999998,360.0,151.0
QuintinMorris,TE,300,-85.1,-78.76040000000003,360.0,151.0
JamesonWilliams,WR,194,-115.9,-61.30800000000012,232.79999999999998,98.0
TomKennedy,WR,300,-115.9,-116.21559999999975,360.0,151.0
KennyGolladay,WR,300,-115.9,-120.1909199999998,360.0,151.0
KoKieft,TE,300,-85.3,-64.97631999999999,360.0,151.0
ZanderHorvath,RB,300,-124.3,-119.98975999999988,360.0,151.0
DanArnold,TE,300,-85.8,-87.0959199999999,360.0,151.0
JalenVirgil,WR,300,-116.5,-114.8693999999998,360.0,151.0
BrycePerkins,QB,300,-271.42,-264.99375999999984,360.0,151.0
FreddieSwain,WR,300,-116.6,-112.89595999999995,360.0,151.0
JeffSmith,WR,300,-116.6,-121.16755999999977,360.0,151.0
DeSeanJackson,WR,300,-116.7,-117.12995999999974,360.0,151.0
ZachGentry,TE,300,-86.1,-91.77828,360.0,151.0
TannerHudson,TE,300,-86.1,-91.13720000000013,360.0,151.0
RoyceFreeman,RB,300,-124.9,-117.01471999999997,360.0,151.0
ReggieGilliam,RB,300,-125.0,-117.95703999999982,360.0,151.0
JohnWolford,QB,300,-272.02,-270.9143199999994,360.0,151.0
JackStoll,TE,300,-86.5,-81.80484000000008,360.0,151.0
JohnBates,TE,300,-86.5,-87.44391999999986,360.0,151.0
ChrisMyarick,TE,300,-86.8,-88.44272000000004,360.0,151.0
BreshadPerriman,WR,300,-117.7,-102.50327999999975,360.0,151.0
SamoriToure,WR,300,-117.8,-117.66007999999971,360.0,151.0
KeaontayIngram,RB,208,-125.8,-77.84975999999997,249.6,105.0
GeoffSwaim,TE,300,-87.5,-96.89848000000018,360.0,151.0
NickMullens,QB,300,-273.1,-256.42004000000026,360.0,151.0
PharaohBrown,TE,300,-87.6,-93.48808000000014,360.0,151.0
JordanLove,QB,267,-273.16,-166.4193600000001,320.4,134.5
MarcusJohnson,WR,300,-118.4,-116.1949999999999,360.0,151.0
JosiahDeguara,TE,300,-87.9,-92.49952000000003,360.0,151.0
KevinHarris,RB,280,-126.7,-115.30375999999988,336.0,141.0
AnthonyBrown,QB,300,-273.84,-268.34068,360.0,151.0
BrycenHopkins,TE,300,-88.4,-83.9706000000002,360.0,151.0
DavidSills,WR,300,-119.4,-123.73335999999982,360.0,151.0
JohnBrown,WR,300,-119.8,-100.98443999999989,360.0,151.0
SnoopConner,RB,300,-127.7,-129.50535999999988,360.0,151.0
TreyLance,QB,300,-274.76,-260.97243999999984,360.0,151.0
AnthonyFirkser,TE,300,-89.3,-85.89836000000005,360.0,151.0
GiovanniRicci,TE,300,-89.3,-90.2258399999999,360.0,151.0
TyrionDavisPrice,RB,300,-128.0,-119.97448000000001,360.0,151.0
ChrisEvans,RB,276,-128.1,-85.17403999999993,331.2,139.0
DarryntonEvans,RB,300,-128.2,-123.09675999999989,360.0,151.0
DaxMilne,WR,300,-120.3,-129.79363999999993,360.0,151.0
TrevorSiemian,QB,300,-275.26,-263.51984,360.0,151.0
TraceMcSorley,QB,300,-275.36,-272.0948799999997,360.0,151.0
GunnerOlszewski,WR,300,-120.8,-123.09683999999997,360.0,151.0
ArmaniRogers,TE,300,-90.3,-96.20544000000014,360.0,151.0
ParkerHesse,TE,300,-90.4,-86.80888000000004,360.0,151.0
CamSims,WR,300,-121.1,-112.84952000000003,360.0,151.0
MichaelBandy,WR,300,-121.1,-125.30071999999988,360.0,151.0
KyleRudolph,TE,300,-90.5,-89.96292000000003,360.0,151.0
JordanWilkins,RB,300,-129.2,-123.57879999999999,360.0,151.0
TyrodTaylor,QB,300,-276.18,-248.26763999999991,360.0,151.0
TylerBadie,RB,300,-129.5,-101.228,360.0,151.0
BlakeBell,TE,300,-90.9,-81.23240000000004,360.0,151.0
GrantCalcaterra,TE,300,-91.2,-90.7006400000001,360.0,151.0
NathanPeterman,QB,300,-276.84,-273.14223999999956,360.0,151.0
JaretPatterson,RB,300,-130.1,-126.49103999999993,360.0,151.0
KylePhilips,WR,300,-122.2,-125.7509599999999,360.0,151.0
TrentTaylor,WR,300,-122.3,-121.21539999999999,360.0,151.0
KevinWhite,WR,300,-122.6,-118.41271999999984,360.0,151.0
TyMontgomery,WR,300,-122.7,-126.55951999999999,360.0,151.0
KeShawnVaughn,RB,282,-130.7,-109.47648000000007,338.4,142.0
ChrisStreveler,QB,300,-277.86,-247.33255999999977,360.0,151.0
ZamirWhite,RB,264,-130.9,-105.52228000000002,316.8,133.0
PatrickRicard,RB,300,-130.9,-117.03716000000007,360.0,151.0
AndrewBeck,TE,300,-92.4,-101.47220000000016,360.0,151.0
DWayneEskridge,WR,300,-123.2,-125.73383999999993,360.0,151.0
TylerMabry,TE,300,-92.6,-87.60680000000015,360.0,151.0
ChaseDaniel,QB,300,-278.34,-257.50648,360.0,151.0
JakeKumerow,WR,300,-123.6,-126.95351999999981,360.0,151.0
JalenGuyton,WR,300,-123.6,-119.41623999999986,360.0,151.0
CadeJohnson,WR,300,-124.0,-119.41299999999994,360.0,151.0
TrayveonWilliams,RB,211,-131.9,-69.5712,253.2,106.5
JamisonCrowder,WR,300,-124.0,-124.83767999999979,360.0,151.0
MikeStrachan,WR,300,-124.1,-122.33171999999986,360.0,151.0
DevenThompkins,WR,274,-124.2,-97.95960000000008,328.8,138.0
TylerKroft,TE,300,-93.6,-91.02216000000017,360.0,151.0
NickVannett,TE,300,-93.8,-91.33560000000021,360.0,151.0
TonyJones,RB,300,-132.5,-127.45079999999999,360.0,151.0
IsaiahSpiller,RB,279,-132.5,-105.69699999999996,334.8,140.5
MylesGaskin,RB,242,-132.5,-89.73108000000006,290.4,122.0
CodyHollister,WR,300,-124.6,-127.43939999999984,360.0,151.0
JuliusChestnut,RB,281,-132.6,-104.93675999999999,337.2,141.5
SpencerBrown,RB,300,-132.6,-128.93703999999994,360.0,151.0
BlaineGabbert,QB,300,-279.7,-259.4796400000002,360.0,151.0
DavidJohnson,RB,300,-132.8,-111.98543999999995,360.0,151.0
RonnieRivers,RB,300,-132.9,-120.96647999999989,360.0,151.0
CharlieKolar,TE,300,-94.4,-88.70492000000014,360.0,151.0
PatrickTaylor,RB,300,-133.1,-110.74771999999992,360.0,151.0
TreMcKitty,TE,300,-94.5,-88.01716000000005,360.0,151.0
ChrisConley,WR,300,-125.4,-128.07695999999993,360.0,151.0
StephenSullivan,TE,300,-94.7,-97.52372000000032,360.0,151.0
AndreBaccellia,WR,300,-125.5,-125.67695999999994,360.0,151.0
DwayneWashington,RB,300,-133.4,-131.6210000000001,360.0,151.0
RaceyMcMath,WR,300,-125.6,-121.89363999999985,360.0,151.0
ChadHenne,QB,300,-280.54,-260.96083999999996,360.0,151.0
LaquonTreadwell,WR,300,-125.8,-125.39639999999987,360.0,151.0
ChrisManhertz,TE,300,-95.1,-93.04064000000014,360.0,151.0
JamesProche,WR,300,-125.8,-119.53055999999977,360.0,151.0
AnthonyMcFarland,RB,300,-133.8,-107.44836000000011,360.0,151.0
MikeWoods,WR,300,-126.0,-121.18399999999974,360.0,151.0
LukeFarrell,TE,300,-95.3,-96.43944000000009,360.0,151.0
TrestanEbner,RB,300,-133.9,-122.38111999999987,360.0,151.0
MikeThomas,WR,300,-126.0,-125.24519999999978,360.0,151.0
NickFoles,QB,300,-281.02,-273.2289999999997,360.0,151.0
DarekeYoung,WR,300,-126.5,-125.60368000000004,360.0,151.0
KeneNwangwu,RB,300,-134.4,-125.72439999999987,360.0,151.0
KendallBlanton,TE,300,-95.8,-92.92452000000011,360.0,151.0
KavontaeTurpin,WR,300,-126.6,-110.61516000000003,360.0,151.0
LarryRountree,RB,300,-134.6,-115.29619999999996,360.0,151.0
TylanWallace,WR,300,-126.7,-126.90619999999983,360.0,151.0
JonathanWard,RB,300,-134.7,-131.83675999999997,360.0,151.0
MontrellWashington,WR,300,-126.8,-117.55035999999987,360.0,151.0
TimJones,WR,300,-127.0,-130.86287999999988,360.0,151.0
TrevonWesco,TE,300,-96.5,-96.86760000000024,360.0,151.0
JaelonDarden,WR,300,-127.2,-131.27387999999993,360.0,151.0
DJTurner,WR,300,-127.4,-128.58856,360.0,151.0
RyanGriffin,TE,300,-96.7,-94.48788000000017,360.0,151.0
TylerDavis,TE,300,-96.7,-96.34260000000017,360.0,151.0
BenEllefson,TE,300,-96.7,-92.3224800000002,360.0,151.0
DaylenBaldwin,WR,300,-127.5,-127.81131999999982,360.0,151.0
SimiFehoko,WR,300,-127.6,-125.82079999999989,360.0,151.0
DErnestJohnson,RB,300,-135.5,-125.19344000000014,360.0,151.0
ColeTurner,TE,300,-97.0,-92.00456000000014,360.0,151.0
AndyIsabella,WR,300,-127.8,-127.45879999999975,360.0,151.0
PharohCooper,WR,300,-127.9,-126.04632000000008,360.0,151.0
TyChandler,RB,207,-135.9,-82.8960400000002,248.39999999999998,104.5
PennyHart,WR,300,-128.0,-129.49907999999985,360.0,151.0
TroyHairston,RB,300,-136.0,-131.49499999999995,360.0,151.0
TreySermon,RB,300,-136.0,-125.07163999999993,360.0,151.0
JesperHorsted,TE,300,-97.4,-95.58932000000031,360.0,151.0
DannyGray,WR,300,-128.1,-110.33152000000007,360.0,151.0
MichaelBurton,RB,300,-136.1,-127.64951999999992,360.0,151.0
MaxxWilliams,TE,300,-97.5,-95.45328000000028,360.0,151.0
KeithKirkwood,WR,300,-128.2,-129.0773999999998,360.0,151.0
StoneSmartt,TE,300,-97.6,-95.7120800000003,360.0,151.0
JJTaylor,RB,300,-136.2,-129.23052000000013,360.0,151.0
JuwannWinfree,WR,300,-128.3,-128.8791199999998,360.0,151.0
DennisHouston,WR,300,-128.4,-127.06263999999986,360.0,151.0
FrankDarby,WR,300,-128.5,-131.06523999999993,360.0,151.0
QuintezCephus,WR,300,-128.5,-129.28539999999978,360.0,151.0
JoshJohnson,QB,300,-283.56,-262.45491999999945,360.0,151.0
MarcusKemp,WR,300,-128.7,-126.95823999999993,360.0,151.0
AustinTrammell,WR,300,-128.7,-129.69131999999985,360.0,151.0
DeonteHarty,WR,252,-128.7,-101.83287999999996,302.4,127.0
JeromeFord,RB,199,-136.7,-89.96588000000023,238.79999999999998,100.5
JalenTolbert,WR,300,-128.8,-129.19343999999995,360.0,151.0
BrianHoyer,QB,300,-283.7,-264.26815999999974,360.0,151.0
SeanMcKeon,TE,300,-98.2,-97.06108000000027,360.0,151.0
MilesBoykin,WR,300,-128.9,-130.54355999999984,360.0,151.0
JakobJohnson,RB,300,-136.9,-129.78791999999987,360.0,151.0
KeithSmith,RB,300,-136.9,-129.47923999999992,360.0,151.0
KyleTrask,QB,300,-283.94,-262.95607999999953,360.0,151.0
StephenAnderson,TE,300,-98.4,-96.24636000000032,360.0,151.0
JasonCabinda,RB,300,-137.0,-132.80991999999986,360.0,151.0
ReggieBonnafon,RB,300,-137.1,-132.62899999999993,360.0,151.0
JeremyRuckert,TE,300,-98.5,-96.98440000000033,360.0,151.0
TyronJohnson,WR,300,-129.2,-128.08915999999988,360.0,151.0
BrandonAllen,QB,300,-284.08,-266.0876799999995,360.0,151.0
GiovaniBernard,RB,300,-137.2,-116.58640000000003,360.0,151.0
GodwinIgwebuike,RB,300,-137.2,-125.48939999999986,360.0,151.0
TommySweeney,TE,300,-98.6,-92.89444000000022,360.0,151.0
JalenCamp,WR,300,-129.3,-131.43739999999994,360.0,151.0
MauriceAlexander,WR,300,-129.3,-130.81675999999996,360.0,151.0
CJBoard,WR,300,-129.4,-130.94759999999997,360.0,151.0
JacobHarris,WR,300,-129.4,-107.09211999999991,360.0,151.0
MasonSchreck,TE,300,-98.7,-98.36864000000045,360.0,151.0
DevinAsiasi,TE,300,-98.8,-92.88560000000014,360.0,151.0
TySonWilliams,RB,300,-137.4,-131.2669999999999,360.0,151.0
JasonMoore,WR,300,-129.5,-130.43375999999984,360.0,151.0
DemetricFelton,RB,300,-137.5,-130.39019999999994,360.0,151.0
DukeJohnson,RB,300,-137.5,-129.74123999999992,360.0,151.0
RichardRodgers,TE,300,-98.9,-97.77540000000033,360.0,151.0
CaseKeenum,QB,300,-284.54,-267.42507999999964,360.0,151.0
ErikEzukanma,WR,300,-129.7,-125.30524000000001,360.0,151.0
MasonKinsey,WR,300,-129.7,-131.89947999999993,360.0,151.0
CodyWhite,WR,300,-129.8,-130.7783999999998,360.0,151.0
KekeCoutee,WR,300,-130.0,-119.74115999999994,360.0,151.0
BijanRobinson,RB,8,-137.9,31.323560000000192,9.6,5.0
JahmyrGibbs,RB,31,-137.9,-53.68720000000014,37.199999999999996,16.5
CalvinRidley,WR,36,-130.0,-90.07448000000005,43.199999999999996,19.0
KenWalker,RB,52,-137.9,-81.93624000000025,62.4,27.0
JaxonSmithNjigba,WR,85,-130.0,-126.80692000000012,102.0,43.5
JordanAddison,WR,96,-130.0,-125.86807999999995,115.19999999999999,49.0
OdellBeckham,WR,101,-130.0,-131.08628,121.19999999999999,51.5
ZayFlowers,WR,106,-130.0,-131.59004000000002,127.19999999999999,54.0
QuentinJohnston,WR,107,-130.0,-129.15616,128.4,54.5
AnthonyRichardson,QB,123,-284.86,-85.3386800000003,147.6,62.5
ZachCharbonnet,RB,127,-137.9,-90.97592000000004,152.4,64.5
DaltonKincaid,TE,133,-99.3,-78.01735999999987,159.6,67.5
RoschonJohnson,RB,161,-137.9,-99.88016000000006,193.2,81.5
DeVonAchane,RB,162,-137.9,-93.67496000000006,194.4,82.0
EvanHull,RB,167,-137.9,-99.40435999999993,200.4,84.5
TankBigsby,RB,170,-137.9,-104.15968000000002,204.0,86.0
TyjaeSpears,RB,171,-137.9,-103.76804000000006,205.2,86.5
JonathanMingo,WR,175,-130.0,-129.2034399999999,210.0,88.5
JaydenReed,WR,178,-130.0,-127.84963999999998,213.6,90.0
SamLaPorta,TE,187,-99.3,-80.87331999999996,224.4,94.5
MarvinMims,WR,198,-130.0,-133.16271999999984,237.6,100.0
JeffWilson,RB,202,-137.9,-105.91568000000001,242.39999999999998,102.0
RasheeRice,WR,205,-130.0,-131.67059999999987,246.0,103.5
MichaelWilson,WR,225,-130.0,-133.43175999999983,270.0,113.5
NathanielDell,WR,234,-130.0,-132.78607999999988,280.8,118.0
RicoDowdle,RB,236,-137.9,-110.90352000000004,283.2,119.0
DeuceVaughn,RB,239,-137.9,-119.2737199999999,286.8,120.5
EmariDemercado,RB,241,-137.9,-113.3849999999999,289.2,121.5
BryceYoung,QB,244,-284.86,-182.27700000000013,292.8,123.0
CJStroud,QB,245,-284.86,-186.62920000000028,294.0,123.5
JaleelMcLaughlin,RB,250,-137.9,-112.85515999999991,300.0,126.0
JoshDowns,WR,261,-130.0,-130.73843999999974,313.2,131.5
KendreMiller,RB,265,-137.9,-118.59155999999993,318.0,133.5
DemarioDouglas,WR,273,-130.0,-131.46583999999987,327.59999999999997,137.5
ChrisRodriguez,RB,278,-137.9,-121.28043999999989,333.59999999999997,140.0
PukaNacua,WR,284,-130.0,-130.27107999999993,340.8,143.0
LukeMusgrave,TE,289,-99.3,-85.41580000000006,346.8,145.5
MichaelMayer,TE,290,-99.3,-84.82176,348.0,146.0
FeleipeFranks,TE,300,-99.3,-101.47780000000043,360.0,151.0
LanceMcCutcheon,WR,300,-130.0,-125.78963999999989,360.0,151.0
TannerConner,WR,300,-130.0,-126.59163999999997,360.0,151.0
CharlieWoerner,TE,300,-99.3,-98.97624000000039,360.0,151.0
TannerGentry,WR,300,-130.0,-127.09383999999977,360.0,151.0
JamesWashington,WR,300,-130.0,-129.44471999999993,360.0,151.0
KhariBlasingame,RB,300,-137.9,-133.95803999999993,360.0,151.0
StanleyMorgan,WR,300,-130.0,-120.1499199999998,360.0,151.0
NoahTogiai,TE,300,-99.3,-94.81444000000015,360.0,151.0
MillerForristall,TE,300,-99.3,-97.39564000000038,360.0,151.0
HunterLong,TE,300,-99.3,-83.6703199999999,360.0,151.0
JakeTonges,TE,300,-99.3,-97.68924000000025,360.0,151.0
JoshAli,WR,300,-130.0,-112.54755999999995,360.0,151.0
DrewSample,TE,300,-99.5,-92.35492000000022,360.0,151.0
AdamPrentice,RB,300,-138.1,-122.62112000000002,360.0,151.0
BraylonSanders,WR,300,-130.3,-118.65215999999997,360.0,151.0
NsimbaWebster,WR,300,-130.6,-127.88235999999998,360.0,151.0
IhmirSmithMarsette,WR,300,-130.6,-115.99699999999976,360.0,151.0
NateSudfeld,QB,300,-285.54,-269.0811599999993,360.0,151.0
CJBeathard,QB,300,-286.06,-270.27035999999947,360.0,151.0
TimBoyle,QB,300,-287.74,-251.10991999999976,360.0,151.0
